{
  "JDBC Request" : {
    "transaction" : "JDBC Request",
    "sampleCount" : 100,
    "errorCount" : 0,
    "errorPct" : 0.0,
    "meanResTime" : 13.599999999999987,
    "medianResTime" : 1.0,
    "minResTime" : 0.0,
    "maxResTime" : 430.0,
    "pct1ResTime" : 4.900000000000006,
    "pct2ResTime" : 58.49999999999943,
    "pct3ResTime" : 429.2199999999996,
    "throughput" : 95.51098376313276,
    "receivedKBytesPerSec" : 13.990866762177651,
    "sentKBytesPerSec" : 0.0
  },
  "Debug Sampler" : {
    "transaction" : "Debug Sampler",
    "sampleCount" : 100,
    "errorCount" : 0,
    "errorPct" : 0.0,
    "meanResTime" : 1.1199999999999999,
    "medianResTime" : 0.0,
    "minResTime" : 0.0,
    "maxResTime" : 19.0,
    "pct1ResTime" : 2.9000000000000057,
    "pct2ResTime" : 4.949999999999989,
    "pct3ResTime" : 18.989999999999995,
    "throughput" : 169.4915254237288,
    "receivedKBytesPerSec" : 114.34553760593221,
    "sentKBytesPerSec" : 0.0
  },
  "Total" : {
    "transaction" : "Total",
    "sampleCount" : 500,
    "errorCount" : 0,
    "errorPct" : 0.0,
    "meanResTime" : 8.283999999999997,
    "medianResTime" : 1.0,
    "minResTime" : 0.0,
    "maxResTime" : 430.0,
    "pct1ResTime" : 11.900000000000034,
    "pct2ResTime" : 31.699999999999932,
    "pct3ResTime" : 154.92000000000007,
    "throughput" : 476.19047619047615,
    "receivedKBytesPerSec" : 81.27139136904762,
    "sentKBytesPerSec" : 0.0
  },
  "Insert walmart store" : {
    "transaction" : "Insert walmart store",
    "sampleCount" : 100,
    "errorCount" : 0,
    "errorPct" : 0.0,
    "meanResTime" : 14.56,
    "medianResTime" : 2.0,
    "minResTime" : 0.0,
    "maxResTime" : 259.0,
    "pct1ResTime" : 60.10000000000011,
    "pct2ResTime" : 65.94999999999999,
    "pct3ResTime" : 257.8799999999994,
    "throughput" : 162.60162601626016,
    "receivedKBytesPerSec" : 1.7466971544715448,
    "sentKBytesPerSec" : 0.0
  },
  "Update Request" : {
    "transaction" : "Update Request",
    "sampleCount" : 100,
    "errorCount" : 0,
    "errorPct" : 0.0,
    "meanResTime" : 7.750000000000004,
    "medianResTime" : 2.0,
    "minResTime" : 0.0,
    "maxResTime" : 146.0,
    "pct1ResTime" : 13.800000000000011,
    "pct2ResTime" : 40.14999999999981,
    "pct3ResTime" : 145.95999999999998,
    "throughput" : 165.01650165016503,
    "receivedKBytesPerSec" : 1.772638201320132,
    "sentKBytesPerSec" : 0.0
  },
  "Delete  Request" : {
    "transaction" : "Delete  Request",
    "sampleCount" : 100,
    "errorCount" : 0,
    "errorPct" : 0.0,
    "meanResTime" : 4.39,
    "medianResTime" : 1.0,
    "minResTime" : 0.0,
    "maxResTime" : 100.0,
    "pct1ResTime" : 11.0,
    "pct2ResTime" : 23.449999999999875,
    "pct3ResTime" : 99.23999999999961,
    "throughput" : 166.38935108153078,
    "receivedKBytesPerSec" : 1.7873856073211316,
    "sentKBytesPerSec" : 0.0
  }
}