{
  "Delete from database" : {
    "transaction" : "Delete from database",
    "sampleCount" : 100,
    "errorCount" : 0,
    "errorPct" : 0.0,
    "meanResTime" : 63.70000000000002,
    "medianResTime" : 42.5,
    "minResTime" : 12.0,
    "maxResTime" : 280.0,
    "pct1ResTime" : 243.500000000001,
    "pct2ResTime" : 269.95,
    "pct3ResTime" : 279.96999999999997,
    "throughput" : 40.43671653861706,
    "receivedKBytesPerSec" : 0.5528457339264052,
    "sentKBytesPerSec" : 0.0
  },
  "Add to the database" : {
    "transaction" : "Add to the database",
    "sampleCount" : 100,
    "errorCount" : 0,
    "errorPct" : 0.0,
    "meanResTime" : 84.11999999999999,
    "medianResTime" : 36.0,
    "minResTime" : 9.0,
    "maxResTime" : 468.0,
    "pct1ResTime" : 408.6000000000019,
    "pct2ResTime" : 454.0,
    "pct3ResTime" : 467.86999999999995,
    "throughput" : 34.176349965823654,
    "receivedKBytesPerSec" : 7.70970394736842,
    "sentKBytesPerSec" : 0.0
  },
  "Total" : {
    "transaction" : "Total",
    "sampleCount" : 400,
    "errorCount" : 0,
    "errorPct" : 0.0,
    "meanResTime" : 119.12999999999995,
    "medianResTime" : 42.5,
    "minResTime" : 9.0,
    "maxResTime" : 2410.0,
    "pct1ResTime" : 252.30000000000297,
    "pct2ResTime" : 440.1499999999996,
    "pct3ResTime" : 2125.0300000000007,
    "throughput" : 74.28040854224697,
    "receivedKBytesPerSec" : 10.906308031569175,
    "sentKBytesPerSec" : 0.0
  },
  "Update the database" : {
    "transaction" : "Update the database",
    "sampleCount" : 100,
    "errorCount" : 0,
    "errorPct" : 0.0,
    "meanResTime" : 79.12999999999997,
    "medianResTime" : 44.0,
    "minResTime" : 16.0,
    "maxResTime" : 405.0,
    "pct1ResTime" : 355.0000000000016,
    "pct2ResTime" : 396.0,
    "pct3ResTime" : 404.99,
    "throughput" : 44.88330341113106,
    "receivedKBytesPerSec" : 5.531516494614003,
    "sentKBytesPerSec" : 0.0
  },
  "Read from database" : {
    "transaction" : "Read from database",
    "sampleCount" : 100,
    "errorCount" : 0,
    "errorPct" : 0.0,
    "meanResTime" : 249.5699999999999,
    "medianResTime" : 46.0,
    "minResTime" : 14.0,
    "maxResTime" : 2410.0,
    "pct1ResTime" : 1391.7000000000078,
    "pct2ResTime" : 2023.699999999999,
    "pct3ResTime" : 2409.22,
    "throughput" : 18.793459875963165,
    "receivedKBytesPerSec" : 4.224857874459688,
    "sentKBytesPerSec" : 0.0
  }
}