{
  "update walmart store" : {
    "transaction" : "update walmart store",
    "sampleCount" : 100,
    "errorCount" : 0,
    "errorPct" : 0.0,
    "meanResTime" : 19.220000000000002,
    "medianResTime" : 18.0,
    "minResTime" : 4.0,
    "maxResTime" : 48.0,
    "pct1ResTime" : 32.900000000000006,
    "pct2ResTime" : 36.0,
    "pct3ResTime" : 47.989999999999995,
    "throughput" : 174.82517482517483,
    "receivedKBytesPerSec" : 1.5365493881118883,
    "sentKBytesPerSec" : 0.0
  },
  "JDBC Request" : {
    "transaction" : "JDBC Request",
    "sampleCount" : 100,
    "errorCount" : 0,
    "errorPct" : 0.0,
    "meanResTime" : 76.35999999999996,
    "medianResTime" : 10.5,
    "minResTime" : 1.0,
    "maxResTime" : 1076.0,
    "pct1ResTime" : 219.4000000000011,
    "pct2ResTime" : 704.649999999999,
    "pct3ResTime" : 1075.1699999999996,
    "throughput" : 60.45949214026602,
    "receivedKBytesPerSec" : 10.391475211608222,
    "sentKBytesPerSec" : 0.0
  },
  "Debug Sampler" : {
    "transaction" : "Debug Sampler",
    "sampleCount" : 100,
    "errorCount" : 0,
    "errorPct" : 0.0,
    "meanResTime" : 1.770000000000001,
    "medianResTime" : 1.0,
    "minResTime" : 0.0,
    "maxResTime" : 23.0,
    "pct1ResTime" : 6.700000000000017,
    "pct2ResTime" : 11.849999999999966,
    "pct3ResTime" : 22.93999999999997,
    "throughput" : 182.81535648994515,
    "receivedKBytesPerSec" : 163.85004856032904,
    "sentKBytesPerSec" : 0.0
  },
  "Total" : {
    "transaction" : "Total",
    "sampleCount" : 400,
    "errorCount" : 0,
    "errorPct" : 0.0,
    "meanResTime" : 25.545000000000005,
    "medianResTime" : 6.0,
    "minResTime" : 0.0,
    "maxResTime" : 1076.0,
    "pct1ResTime" : 26.900000000000034,
    "pct2ResTime" : 34.0,
    "pct3ResTime" : 815.920000000001,
    "throughput" : 239.37761819269898,
    "receivedKBytesPerSec" : 64.9738414497307,
    "sentKBytesPerSec" : 0.0
  },
  "Insert walmart store" : {
    "transaction" : "Insert walmart store",
    "sampleCount" : 100,
    "errorCount" : 0,
    "errorPct" : 0.0,
    "meanResTime" : 4.829999999999999,
    "medianResTime" : 3.0,
    "minResTime" : 0.0,
    "maxResTime" : 20.0,
    "pct1ResTime" : 11.0,
    "pct2ResTime" : 17.0,
    "pct3ResTime" : 19.97999999999999,
    "throughput" : 173.3102253032929,
    "receivedKBytesPerSec" : 1.5232344020797228,
    "sentKBytesPerSec" : 0.0
  }
}