{
  "JDBC Request" : {
    "transaction" : "JDBC Request",
    "sampleCount" : 100,
    "errorCount" : 0,
    "errorPct" : 0.0,
    "meanResTime" : 26.14999999999999,
    "medianResTime" : 1.0,
    "minResTime" : 0.0,
    "maxResTime" : 587.0,
    "pct1ResTime" : 24.900000000000006,
    "pct2ResTime" : 211.1999999999989,
    "pct3ResTime" : 586.3099999999996,
    "throughput" : 72.78020378457059,
    "receivedKBytesPerSec" : 12.79339519650655,
    "sentKBytesPerSec" : 0.0
  },
  "Debug Sampler" : {
    "transaction" : "Debug Sampler",
    "sampleCount" : 100,
    "errorCount" : 0,
    "errorPct" : 0.0,
    "meanResTime" : 2.1400000000000015,
    "medianResTime" : 0.0,
    "minResTime" : 0.0,
    "maxResTime" : 27.0,
    "pct1ResTime" : 8.800000000000011,
    "pct2ResTime" : 13.949999999999989,
    "pct3ResTime" : 26.989999999999995,
    "throughput" : 126.10340479192939,
    "receivedKBytesPerSec" : 110.84538540353088,
    "sentKBytesPerSec" : 0.0
  },
  "Total" : {
    "transaction" : "Total",
    "sampleCount" : 500,
    "errorCount" : 0,
    "errorPct" : 0.0,
    "meanResTime" : 15.240000000000006,
    "medianResTime" : 1.0,
    "minResTime" : 0.0,
    "maxResTime" : 587.0,
    "pct1ResTime" : 22.900000000000034,
    "pct2ResTime" : 61.99999999999977,
    "pct3ResTime" : 415.5400000000004,
    "throughput" : 352.85815102328866,
    "receivedKBytesPerSec" : 76.7121890437544,
    "sentKBytesPerSec" : 0.0
  },
  "Insert walmart store" : {
    "transaction" : "Insert walmart store",
    "sampleCount" : 100,
    "errorCount" : 0,
    "errorPct" : 0.0,
    "meanResTime" : 32.279999999999994,
    "medianResTime" : 2.0,
    "minResTime" : 0.0,
    "maxResTime" : 573.0,
    "pct1ResTime" : 91.00000000000017,
    "pct2ResTime" : 199.64999999999947,
    "pct3ResTime" : 572.9,
    "throughput" : 127.55102040816327,
    "receivedKBytesPerSec" : 1.3701769770408163,
    "sentKBytesPerSec" : 0.0
  },
  "Update Request" : {
    "transaction" : "Update Request",
    "sampleCount" : 100,
    "errorCount" : 0,
    "errorPct" : 0.0,
    "meanResTime" : 12.469999999999999,
    "medianResTime" : 2.0,
    "minResTime" : 1.0,
    "maxResTime" : 366.0,
    "pct1ResTime" : 22.0,
    "pct2ResTime" : 68.0,
    "pct3ResTime" : 363.91999999999894,
    "throughput" : 123.76237623762376,
    "receivedKBytesPerSec" : 1.3294786509900989,
    "sentKBytesPerSec" : 0.0
  },
  "Delete  Request" : {
    "transaction" : "Delete  Request",
    "sampleCount" : 100,
    "errorCount" : 0,
    "errorPct" : 0.0,
    "meanResTime" : 3.160000000000001,
    "medianResTime" : 2.0,
    "minResTime" : 0.0,
    "maxResTime" : 26.0,
    "pct1ResTime" : 5.900000000000006,
    "pct2ResTime" : 12.0,
    "pct3ResTime" : 25.97999999999999,
    "throughput" : 124.37810945273633,
    "receivedKBytesPerSec" : 1.3360929726368158,
    "sentKBytesPerSec" : 0.0
  }
}