{
  "JDBC Request" : {
    "transaction" : "JDBC Request",
    "sampleCount" : 100,
    "errorCount" : 0,
    "errorPct" : 0.0,
    "meanResTime" : 72.41999999999999,
    "medianResTime" : 4.0,
    "minResTime" : 1.0,
    "maxResTime" : 1079.0,
    "pct1ResTime" : 205.10000000000107,
    "pct2ResTime" : 717.1999999999987,
    "pct3ResTime" : 1078.3099999999997,
    "throughput" : 60.60606060606061,
    "receivedKBytesPerSec" : 8.937026515151516,
    "sentKBytesPerSec" : 0.0
  },
  "Debug Sampler" : {
    "transaction" : "Debug Sampler",
    "sampleCount" : 100,
    "errorCount" : 0,
    "errorPct" : 0.0,
    "meanResTime" : 2.2500000000000004,
    "medianResTime" : 0.0,
    "minResTime" : 0.0,
    "maxResTime" : 21.0,
    "pct1ResTime" : 11.900000000000006,
    "pct2ResTime" : 17.94999999999999,
    "pct3ResTime" : 21.0,
    "throughput" : 192.30769230769232,
    "receivedKBytesPerSec" : 160.89993990384616,
    "sentKBytesPerSec" : 0.0
  },
  "Total" : {
    "transaction" : "Total",
    "sampleCount" : 400,
    "errorCount" : 0,
    "errorPct" : 0.0,
    "meanResTime" : 27.072499999999998,
    "medianResTime" : 4.0,
    "minResTime" : 0.0,
    "maxResTime" : 1079.0,
    "pct1ResTime" : 36.0,
    "pct2ResTime" : 46.0,
    "pct3ResTime" : 816.0600000000009,
    "throughput" : 240.81878386514148,
    "receivedKBytesPerSec" : 60.308172787477424,
    "sentKBytesPerSec" : 0.0
  },
  "Insert walmart store" : {
    "transaction" : "Insert walmart store",
    "sampleCount" : 100,
    "errorCount" : 0,
    "errorPct" : 0.0,
    "meanResTime" : 4.16,
    "medianResTime" : 2.0,
    "minResTime" : 0.0,
    "maxResTime" : 21.0,
    "pct1ResTime" : 12.0,
    "pct2ResTime" : 14.949999999999989,
    "pct3ResTime" : 20.97999999999999,
    "throughput" : 176.3668430335097,
    "receivedKBytesPerSec" : 1.5500992063492065,
    "sentKBytesPerSec" : 0.0
  },
  "delete walmart store" : {
    "transaction" : "delete walmart store",
    "sampleCount" : 100,
    "errorCount" : 0,
    "errorPct" : 0.0,
    "meanResTime" : 29.46,
    "medianResTime" : 30.0,
    "minResTime" : 5.0,
    "maxResTime" : 60.0,
    "pct1ResTime" : 46.0,
    "pct2ResTime" : 49.94999999999999,
    "pct3ResTime" : 59.97999999999999,
    "throughput" : 178.57142857142858,
    "receivedKBytesPerSec" : 1.5694754464285712,
    "sentKBytesPerSec" : 0.0
  }
}