{
  "JDBC Request" : {
    "transaction" : "JDBC Request",
    "sampleCount" : 100,
    "errorCount" : 0,
    "errorPct" : 0.0,
    "meanResTime" : 71.41999999999999,
    "medianResTime" : 11.0,
    "minResTime" : 0.0,
    "maxResTime" : 1024.0,
    "pct1ResTime" : 175.10000000000085,
    "pct2ResTime" : 653.149999999999,
    "pct3ResTime" : 1023.2299999999996,
    "throughput" : 62.421972534332085,
    "receivedKBytesPerSec" : 10.728776529338326,
    "sentKBytesPerSec" : 0.0
  },
  "Debug Sampler" : {
    "transaction" : "Debug Sampler",
    "sampleCount" : 100,
    "errorCount" : 0,
    "errorPct" : 0.0,
    "meanResTime" : 2.2200000000000006,
    "medianResTime" : 1.0,
    "minResTime" : 0.0,
    "maxResTime" : 21.0,
    "pct1ResTime" : 7.0,
    "pct2ResTime" : 13.0,
    "pct3ResTime" : 20.989999999999995,
    "throughput" : 185.18518518518516,
    "receivedKBytesPerSec" : 161.86161747685185,
    "sentKBytesPerSec" : 0.0
  },
  "Total" : {
    "transaction" : "Total",
    "sampleCount" : 400,
    "errorCount" : 0,
    "errorPct" : 0.0,
    "meanResTime" : 24.732500000000012,
    "medianResTime" : 7.0,
    "minResTime" : 0.0,
    "maxResTime" : 1024.0,
    "pct1ResTime" : 25.900000000000034,
    "pct2ResTime" : 37.89999999999998,
    "pct3ResTime" : 753.0400000000009,
    "throughput" : 247.21878862793574,
    "receivedKBytesPerSec" : 65.7296575633498,
    "sentKBytesPerSec" : 0.0
  },
  "Insert walmart store" : {
    "transaction" : "Insert walmart store",
    "sampleCount" : 100,
    "errorCount" : 0,
    "errorPct" : 0.0,
    "meanResTime" : 6.100000000000003,
    "medianResTime" : 4.0,
    "minResTime" : 0.0,
    "maxResTime" : 27.0,
    "pct1ResTime" : 17.80000000000001,
    "pct2ResTime" : 19.0,
    "pct3ResTime" : 26.949999999999974,
    "throughput" : 174.21602787456447,
    "receivedKBytesPerSec" : 1.5311955574912892,
    "sentKBytesPerSec" : 0.0
  },
  "delete walmart store" : {
    "transaction" : "delete walmart store",
    "sampleCount" : 100,
    "errorCount" : 0,
    "errorPct" : 0.0,
    "meanResTime" : 19.19000000000001,
    "medianResTime" : 16.5,
    "minResTime" : 4.0,
    "maxResTime" : 51.0,
    "pct1ResTime" : 35.900000000000006,
    "pct2ResTime" : 42.89999999999998,
    "pct3ResTime" : 50.989999999999995,
    "throughput" : 176.67844522968198,
    "receivedKBytesPerSec" : 1.5528378975265018,
    "sentKBytesPerSec" : 0.0
  }
}