{
  "Delete from database" : {
    "transaction" : "Delete from database",
    "sampleCount" : 100,
    "errorCount" : 0,
    "errorPct" : 0.0,
    "meanResTime" : 69.00999999999996,
    "medianResTime" : 39.0,
    "minResTime" : 14.0,
    "maxResTime" : 276.0,
    "pct1ResTime" : 248.90000000000057,
    "pct2ResTime" : 265.0,
    "pct3ResTime" : 275.98,
    "throughput" : 16.13684040664838,
    "receivedKBytesPerSec" : 0.2206208649346458,
    "sentKBytesPerSec" : 0.0
  },
  "Add to the database" : {
    "transaction" : "Add to the database",
    "sampleCount" : 100,
    "errorCount" : 0,
    "errorPct" : 0.0,
    "meanResTime" : 78.19,
    "medianResTime" : 34.0,
    "minResTime" : 8.0,
    "maxResTime" : 475.0,
    "pct1ResTime" : 421.70000000000186,
    "pct2ResTime" : 457.95,
    "pct3ResTime" : 474.91999999999996,
    "throughput" : 15.096618357487921,
    "receivedKBytesPerSec" : 3.6562122584541066,
    "sentKBytesPerSec" : 0.0
  },
  "Total" : {
    "transaction" : "Total",
    "sampleCount" : 400,
    "errorCount" : 0,
    "errorPct" : 0.0,
    "meanResTime" : 270.84500000000014,
    "medianResTime" : 56.5,
    "minResTime" : 8.0,
    "maxResTime" : 4742.0,
    "pct1ResTime" : 600.0000000000003,
    "pct2ResTime" : 682.8,
    "pct3ResTime" : 4457.000000000001,
    "throughput" : 34.95586821637683,
    "receivedKBytesPerSec" : 4.230035556672202,
    "sentKBytesPerSec" : 0.0
  },
  "Update the database" : {
    "transaction" : "Update the database",
    "sampleCount" : 100,
    "errorCount" : 0,
    "errorPct" : 0.0,
    "meanResTime" : 89.16,
    "medianResTime" : 49.0,
    "minResTime" : 15.0,
    "maxResTime" : 392.0,
    "pct1ResTime" : 353.4000000000012,
    "pct2ResTime" : 384.9,
    "pct3ResTime" : 391.98,
    "throughput" : 16.778523489932887,
    "receivedKBytesPerSec" : 2.1530253775167787,
    "sentKBytesPerSec" : 0.0
  },
  "Read from database" : {
    "transaction" : "Read from database",
    "sampleCount" : 100,
    "errorCount" : 0,
    "errorPct" : 0.0,
    "meanResTime" : 847.0199999999999,
    "medianResTime" : 507.5,
    "minResTime" : 208.0,
    "maxResTime" : 4742.0,
    "pct1ResTime" : 3552.000000000017,
    "pct2ResTime" : 4352.649999999999,
    "pct3ResTime" : 4741.129999999999,
    "throughput" : 8.805917576611483,
    "receivedKBytesPerSec" : 0.8793878236174709,
    "sentKBytesPerSec" : 0.0
  }
}