{
  "JDBC Request" : {
    "transaction" : "JDBC Request",
    "sampleCount" : 100,
    "errorCount" : 0,
    "errorPct" : 0.0,
    "meanResTime" : 72.78000000000002,
    "medianResTime" : 14.0,
    "minResTime" : 1.0,
    "maxResTime" : 1036.0,
    "pct1ResTime" : 150.40000000000072,
    "pct2ResTime" : 629.5999999999992,
    "pct3ResTime" : 1035.2799999999997,
    "throughput" : 67.5219446320054,
    "receivedKBytesPerSec" : 9.95684925725861,
    "sentKBytesPerSec" : 0.0
  },
  "Debug Sampler" : {
    "transaction" : "Debug Sampler",
    "sampleCount" : 100,
    "errorCount" : 0,
    "errorPct" : 0.0,
    "meanResTime" : 4.629999999999999,
    "medianResTime" : 2.0,
    "minResTime" : 0.0,
    "maxResTime" : 29.0,
    "pct1ResTime" : 15.800000000000011,
    "pct2ResTime" : 20.899999999999977,
    "pct3ResTime" : 28.97999999999999,
    "throughput" : 232.5581395348837,
    "receivedKBytesPerSec" : 160.05405159883722,
    "sentKBytesPerSec" : 0.0
  },
  "Total" : {
    "transaction" : "Total",
    "sampleCount" : 300,
    "errorCount" : 0,
    "errorPct" : 0.0,
    "meanResTime" : 28.030000000000005,
    "medianResTime" : 6.0,
    "minResTime" : 0.0,
    "maxResTime" : 1036.0,
    "pct1ResTime" : 25.0,
    "pct2ResTime" : 30.0,
    "pct3ResTime" : 838.2500000000007,
    "throughput" : 201.61290322580643,
    "receivedKBytesPerSec" : 56.75285093245968,
    "sentKBytesPerSec" : 0.0
  },
  "Insert bike sharing" : {
    "transaction" : "Insert bike sharing",
    "sampleCount" : 100,
    "errorCount" : 0,
    "errorPct" : 0.0,
    "meanResTime" : 6.680000000000001,
    "medianResTime" : 5.0,
    "minResTime" : 1.0,
    "maxResTime" : 31.0,
    "pct1ResTime" : 14.0,
    "pct2ResTime" : 21.799999999999955,
    "pct3ResTime" : 30.989999999999995,
    "throughput" : 212.7659574468085,
    "receivedKBytesPerSec" : 1.8700132978723405,
    "sentKBytesPerSec" : 0.0
  }
}