{
  "update walmart store" : {
    "transaction" : "update walmart store",
    "sampleCount" : 100,
    "errorCount" : 0,
    "errorPct" : 0.0,
    "meanResTime" : 17.000000000000007,
    "medianResTime" : 16.0,
    "minResTime" : 1.0,
    "maxResTime" : 46.0,
    "pct1ResTime" : 27.900000000000006,
    "pct2ResTime" : 29.94999999999999,
    "pct3ResTime" : 45.989999999999995,
    "throughput" : 189.0359168241966,
    "receivedKBytesPerSec" : 1.6614484877126654,
    "sentKBytesPerSec" : 0.0
  },
  "JDBC Request" : {
    "transaction" : "JDBC Request",
    "sampleCount" : 100,
    "errorCount" : 0,
    "errorPct" : 0.0,
    "meanResTime" : 67.42000000000002,
    "medianResTime" : 7.0,
    "minResTime" : 0.0,
    "maxResTime" : 1024.0,
    "pct1ResTime" : 154.50000000000077,
    "pct2ResTime" : 618.6499999999992,
    "pct3ResTime" : 1023.2499999999997,
    "throughput" : 64.68305304010349,
    "receivedKBytesPerSec" : 9.538223641655886,
    "sentKBytesPerSec" : 0.0
  },
  "Debug Sampler" : {
    "transaction" : "Debug Sampler",
    "sampleCount" : 100,
    "errorCount" : 0,
    "errorPct" : 0.0,
    "meanResTime" : 2.25,
    "medianResTime" : 0.5,
    "minResTime" : 0.0,
    "maxResTime" : 16.0,
    "pct1ResTime" : 8.0,
    "pct2ResTime" : 13.949999999999989,
    "pct3ResTime" : 15.97999999999999,
    "throughput" : 201.2072434607646,
    "receivedKBytesPerSec" : 138.4793133802817,
    "sentKBytesPerSec" : 0.0
  },
  "Total" : {
    "transaction" : "Total",
    "sampleCount" : 400,
    "errorCount" : 0,
    "errorPct" : 0.0,
    "meanResTime" : 22.872499999999974,
    "medianResTime" : 6.0,
    "minResTime" : 0.0,
    "maxResTime" : 1024.0,
    "pct1ResTime" : 23.0,
    "pct2ResTime" : 28.0,
    "pct3ResTime" : 746.7400000000011,
    "throughput" : 257.40025740025743,
    "receivedKBytesPerSec" : 54.908703346203346,
    "sentKBytesPerSec" : 0.0
  },
  "Insert walmart store" : {
    "transaction" : "Insert walmart store",
    "sampleCount" : 100,
    "errorCount" : 0,
    "errorPct" : 0.0,
    "meanResTime" : 4.820000000000002,
    "medianResTime" : 3.5,
    "minResTime" : 0.0,
    "maxResTime" : 19.0,
    "pct1ResTime" : 11.0,
    "pct2ResTime" : 15.0,
    "pct3ResTime" : 18.97999999999999,
    "throughput" : 187.61726078799248,
    "receivedKBytesPerSec" : 1.6489798311444652,
    "sentKBytesPerSec" : 0.0
  }
}